<?xml version="1.0" encoding="utf-8" ?>
<odoo noupdate="1">

    <!-- Not used at the moment. To use them override the _track_subtype method -->
    <record id="subtype_analysis" model="mail.message.subtype">
        <field name="name">Analysis</field>
        <field name="res_model">mgmtsystem.nonconformity</field>
        <field name="default" eval="False" />
        <field name="description">Analysis</field>
    </record>

    <record id="subtype_pending" model="mail.message.subtype">
        <field name="name">Pending Approval</field>
        <field name="res_model">mgmtsystem.nonconformity</field>
        <field name="default" eval="False" />
        <field name="description">Pending Approval</field>
    </record>

</odoo>
